graph,community,nodes,sources,detected,difference,sources_ratio,nmi,sizes,avg_sizes,time
facebook,df_node_similarity,3671,5,4,1,4,0.646726313330597,1318|1128|734|491,917.75,55.52874946594238
facebook,df_node_similarity,3671,5,4,1,4,0.638415893388574,2034|729|659|249,917.75,84.74162268638611
facebook,df_node_similarity,3714,5,4,1,4,0.6337633166992603,2059|733|688|234,928.5,85.68448233604431
facebook,df_node_similarity,3799,41,4,37,4,0.640580296954256,2074|736|687|302,949.75,62.24051213264465
facebook,df_node_similarity,3762,41,4,37,4,0.5616193778058211,2070|732|680|280,940.5,74.93460369110107
facebook,df_node_similarity,3746,41,4,37,4,0.5872643795951513,2100|732|627|287,936.5,77.12571334838867
facebook,df_node_similarity,3809,404,4,400,4,0.4138784709319975,2100|734|684|291,952.25,94.41207218170166
facebook,df_node_similarity,3809,404,4,400,4,0.4142781353001001,2083|734|700|292,952.25,76.57510423660278
facebook,df_node_similarity,3807,404,4,400,4,0.413034770158894,2102|721|696|288,951.75,75.64361214637756
