graph,community,nodes,sources,detected,difference,sources_ratio,nmi,sizes,avg_sizes,time
soc_anybeat,leiden,7078,13,17,-4,6,0.28468856732734277,1660|1540|1101|1068|517|331|227|186|130|102|82|61|34|25|6|5|3,416.3529411764706,3.8212225437164307
soc_anybeat,louvain,7078,13,16,-3,7,0.29693616368655174,1594|1385|1364|1193|480|348|245|126|121|101|52|34|25|5|3|2,442.375,4.751958847045898
