graph,community,nodes,sources,detected,difference,sources_ratio,nmi,sizes,avg_sizes,time
soc_anybeat,df_node_similarity,7078,13,8,5,8,0.151293975359275002,6985|5|5|49|7|6|4|17,884.75,286.98027443885803
soc_anybeat,df_node_similarity,6647,13,10,3,10,0.142821997901719956,6551|5|7|5|38|3|7|7|20|4,664.7,219.4327986240387
soc_anybeat,df_node_similarity,7080,13,9,4,7,0.209408206731814759,7023|11|12|11|3|5|6|5|4,786.6666666666666,233.2783305644989
soc_anybeat,df_node_similarity,7074,127,11,116,1,0.2299135090200803,6969|4|42|8|3|6|9|5|5|15|8,643.0909090909091,292.8770363330841
soc_anybeat,df_node_similarity,7079,127,9,118,7,0.34605039155707419,6980|9|16|7|32|7|16|7|5,786.5555555555555,241.87214946746826
soc_anybeat,df_node_similarity,7079,127,10,112,8,0.31532949798709653,1656|1589|1191|1045|714|328|154|138|102|83|35|34|4|3|3,871.93333333333334,0.13706541061401367
soc_anybeat,df_node_similarity,6691,1265,22,1243,21,0.22519844860637534,6500|6|10|63|5|6|4|6|3|7|4|5|5|5|9|5|4|4|8|4|9|19,370,268.3896789550781
soc_anybeat,df_node_similarity,7374,1265,25,1235,22,0.3197205173783089,1843|1559|1285|880|565|320|212|183|127|116|90|71|35|11|10|7|7|7|6|6|6|5|4|4|3|3|3|2|2|2,380,0.1174015998840332
soc_anybeat,df_node_similarity,7415,1265,23,1242,23,0.3144874055904264,1551|1524|1118|1032|431|386|358|321|196|177|118|97|28|27|11|8|6|6|5|5|4|3|3,322.39130434782606,0.16583824157714844
