method,threshold,ACC,recall,PPV,f12,TP,TN,FP,FN,ALL
leiden,0.75,0.7678857579171443,0.47777777777777786,0.07974116253090939,0.13667178880179415,50,1705,452,121,"[1, 2, 2, 3, 1, 1, 15, 13, 12, 66, 139, 139, 133, 144, 149, 318, 312, 305, 22, 36, 33, 24, 40, 40, 90, 78, 89, 1, 0, 0, 2, 4, 4, 35, 37, 38]"
eigenvector,0.75,0.8918142280275911,0.31333333333333335,0.17834837352381214,0.22731165138519469,30,2033,124,141,"[1, 0, 1, 3, 2, 2, 7, 5, 9, 78, 157, 161, 141, 167, 178, 397, 375, 379, 10, 18, 11, 16, 17, 11, 11, 15, 15, 1, 2, 1, 2, 3, 3, 43, 45, 41]"
louvain,0.75,0.8092898935109905,0.43333333333333335,0.08958510131996379,0.14847520377713475,45,1798,359,126,"[1, 1, 2, 2, 3, 1, 10, 13, 12, 72, 148, 146, 136, 153, 159, 336, 324, 324, 16, 27, 26, 21, 31, 30, 72, 66, 70, 1, 1, 0, 3, 2, 4, 40, 37, 38]"
greedy_modularity,0.75,0.8719898132023679,0.3400000000000001,0.15045850564164678,0.20860436236592433,30,2000,157,141,"[1, 1, 2, 1, 1, 1, 6, 12, 5, 74, 157, 161, 140, 162, 163, 387, 374, 382, 14, 18, 11, 17, 22, 26, 21, 16, 12, 1, 1, 0, 4, 4, 4, 44, 38, 45]"
label_propagation,0.75,0.8012248936278877,0.4666666666666667,0.17587608089148166,0.2554709541985677,60,1820,337,111,"[1, 1, 2, 2, 3, 1, 24, 12, 14, 67, 143, 145, 133, 148, 139, 407, 311, 327, 21, 32, 27, 24, 36, 50, 1, 79, 67, 1, 1, 0, 3, 2, 4, 26, 38, 36]"
infomap,0.75,0.8514373346178217,0.3155555555555556,0.09045365946893962,0.14060348243097007,25,1944,213,146,"[0, 1, 2, 2, 2, 1, 7, 4, 6, 76, 154, 146, 139, 162, 164, 377, 363, 363, 12, 21, 26, 18, 22, 25, 31, 27, 31, 2, 1, 0, 3, 3, 4, 43, 46, 44]"
surprise_communities,0.75,0.7243303828707908,0.31333333333333335,0.059476184298879325,0.09997529676106791,48,1626,531,123,"[0, 1, 1, 3, 1, 1, 14, 15, 12, 63, 131, 126, 118, 138, 143, 317, 295, 295, 25, 44, 46, 39, 46, 46, 91, 95, 99, 2, 1, 1, 2, 4, 4, 36, 35, 38]"
walktrap,0.75,0.7788071104221927,0.4000000000000001,0.07201961816926573,0.12206207606132095,39,1751,406,132,"[1, 2, 1, 4, 0, 1, 12, 11, 7, 66, 143, 133, 131, 150, 156, 338, 310, 324, 22, 32, 39, 26, 34, 33, 70, 80, 70, 1, 0, 1, 1, 5, 4, 38, 39, 43]"
df_node_similarity,0.75,0.850236989837292,0.4911111111111112,0.16109693731245803,0.24261122220539347,47,1924,233,124,"[1, 2, 2, 4, 1, 1, 9, 13, 14, 73, 153, 153, 140, 151, 165, 376, 345, 368, 15, 22, 19, 17, 33, 24, 32, 45, 26, 1, 0, 0, 1, 4, 4, 41, 37, 36]"
