method,threshold,ACC,recall,PPV,f12,TP,TN,FP,FN,ALL
leiden,0.75,0.6906726213667963,0.35111111111111104,0.057196468888732005,0.09836856686893987,50,1550,607,121,"[1, 1, 1, 2, 0, 2, 13, 13, 17, 63, 106, 124, 119, 130, 133, 310, 284, 281, 25, 69, 48, 38, 54, 56, 98, 106, 113, 1, 1, 1, 3, 5, 3, 37, 37, 33]"
eigenvector,0.75,0.752795944089445,0.4488888888888889,0.09668729266105981,0.15910464144162578,49,1753,404,122,"[1, 1, 1, 2, 3, 4, 12, 13, 12, 59, 118, 141, 123, 124, 143, 358, 345, 342, 29, 57, 31, 34, 60, 46, 50, 45, 52, 1, 1, 1, 3, 2, 1, 38, 37, 38]"
louvain,0.75,0.7107256483443642,0.3377777777777778,0.057067387863494363,0.09763875632012435,50,1574,583,121,"[0, 1, 1, 3, 2, 1, 10, 17, 15, 64, 121, 135, 118, 140, 134, 302, 270, 290, 24, 54, 37, 39, 44, 55, 106, 120, 104, 2, 1, 1, 2, 3, 4, 40, 33, 35]"
greedy_modularity,0.75,0.8516000211942629,0.2844444444444445,0.1262386425620598,0.1748690495765033,29,1965,192,142,"[0, 1, 2, 1, 0, 2, 4, 11, 8, 74, 150, 151, 135, 159, 161, 388, 363, 384, 14, 25, 21, 22, 25, 28, 20, 27, 10, 2, 1, 0, 4, 5, 3, 46, 39, 42]"
label_propagation,0.75,0.688764850728222,0.32000000000000006,0.04191491251355409,0.07412113477824701,30,1561,596,141,"[1, 1, 2, 0, 2, 0, 1, 14, 9, 59, 117, 129, 119, 138, 119, 268, 301, 311, 29, 58, 43, 38, 46, 70, 140, 89, 83, 1, 1, 0, 5, 3, 5, 49, 36, 41]"
infomap,0.75,0.6435778576468212,0.5311111111111111,0.05910602704956477,0.10637396195402196,56,1441,716,115,"[2, 1, 2, 3, 2, 2, 18, 14, 12, 52, 114, 106, 113, 122, 121, 275, 261, 277, 36, 61, 66, 44, 62, 68, 133, 129, 117, 0, 1, 0, 2, 3, 3, 32, 36, 38]"
surprise_communities,0.75,0.6219543187407134,0.3533333333333333,0.04856761250911837,0.08539694468206384,57,1381,776,114,"[0, 1, 1, 3, 1, 2, 17, 15, 17, 54, 114, 106, 104, 117, 119, 259, 256, 252, 34, 61, 66, 53, 67, 70, 149, 134, 142, 2, 1, 1, 2, 4, 3, 33, 35, 33]"
walktrap,0.75,0.7012502085297292,0.36888888888888893,0.05925329483092098,0.10210571592491663,46,1583,574,125,"[1, 0, 1, 4, 1, 3, 11, 11, 14, 62, 126, 126, 110, 130, 129, 314, 308, 278, 26, 49, 46, 47, 54, 60, 94, 82, 116, 1, 2, 1, 1, 4, 2, 39, 39, 36]"
df_node_similarity,0.75,0.8564611753437977,0.3877777777777778,0.12256486397728168,0.1862589041092007,35,1954,203,136,"[0, 1, 1, 2, 0, 1, 8, 12, 10, 75, 154, 156, 139, 156, 165, 389, 349, 371, 13, 21, 16, 18, 28, 24, 19, 41, 23, 2, 1, 1, 3, 5, 4, 42, 38, 40]"
