method,threshold,ACC,recall,PPV,f12,TP,TN,FP,FN,ALL
df_node_similarity,0.85,0.9316203396842485,0.3279770953683997,0.11186747529841648,0.16683152213950425,24,59231,202,4191,"[4, 0, 11, 0, 0, 0, 0, 0, 9, 5401, 6930, 6113, 7061, 6929, 6620, 7054, 7050, 6073, 25, 22, 37, 22, 18, 14, 13, 15, 36, 1261, 127, 1254, 127, 127, 13, 13, 13, 1256]"
leiden,0.85,0.9078323863628159,0.2516407857044625,0.1607240949135635,0.19615995166742498,354,57390,2043,3861,"[82, 11, 81, 53, 55, 5, 5, 5, 57, 5276, 6748, 6066, 6880, 6662, 6344, 6850, 6905, 5659, 150, 204, 84, 203, 285, 290, 217, 160, 450, 1183, 116, 1184, 74, 72, 8, 8, 8, 1208]"
eigenvector,0.85,0.989889992626714,0.12820512820512822,0.02927120669056153,0.04766073339169342,5,20589,177,34,"[2, 2, 1, 6588, 7007, 6994, 46, 60, 71, 11, 11, 12]"
louvain,0.85,0.9682455285895711,0.3846153846153846,0.02383799048074514,0.04489353466623635,15,20131,635,24,"[7, 6, 2, 6403, 6745, 6983, 231, 322, 82, 6, 7, 11]"
greedy_modularity,0.85,0.9606693746352987,0.3333333333333333,0.018516872653548386,0.03508476493400862,13,19974,792,26,"[5, 3, 5, 6377, 6948, 6649, 257, 119, 416, 8, 10, 8]"
label_propagation,0.85,0.9922096674546604,0.2820512820512821,0.070578231292517,0.11290422308786248,11,20632,134,28,"[0, 5, 6, 6594, 7016, 7022, 40, 51, 43, 13, 8, 7]"
infomap,0.85,0.9087256761996799,0.4358974358974359,0.008978313131667763,0.017594232462971263,17,18896,1870,22,"[7, 5, 5, 5926, 6446, 6524, 708, 621, 541, 6, 8, 8]"
surprise_communities,0.85,0.8268441492683155,0.6538461538461539,0.007181069322218441,0.014206115549462557,17,11347,2352,9,"[10, 7, 5246, 6101, 1388, 964, 3, 6]"
walktrap,0.85,0.9524714572300239,0.3076923076923077,0.012399021283206461,0.023837468412321,8,13065,634,18,"[3, 5, 6323, 6742, 311, 323, 10, 8]"
