method,threshold,ACC,recall,PPV,f12,TP,TN,FP,FN,ALL
leiden,0.55,0.9583743095035607,0.34160830717218066,0.33938736925243673,0.3404942166289315,72,32293,145,1278,"[12, 8, 12, 12, 8, 4, 4, 4, 8, 3395, 3706, 3388, 3391, 3744, 3687, 3644, 3645, 3693, 8, 15, 17, 14, 14, 22, 22, 21, 12, 392, 33, 392, 392, 33, 1, 1, 1, 33]"
eigenvector,0.55,0.9594103102098176,0.34243338968043147,0.3978835978835979,0.368081866039153,75,32325,113,1275,"[13, 8, 13, 13, 8, 4, 4, 4, 8, 3395, 3708, 3397, 3397, 3745, 3692, 3649, 3650, 3692, 8, 13, 8, 8, 13, 17, 17, 16, 13, 391, 33, 391, 391, 33, 1, 1, 1, 33]"
louvain,0.55,0.9588180245755298,0.34215836217768125,0.36609199889393124,0.3537207903667715,74,32306,132,1276,"[13, 8, 12, 13, 8, 4, 4, 4, 8, 3396, 3704, 3393, 3395, 3743, 3686, 3648, 3648, 3693, 7, 17, 12, 10, 15, 23, 18, 18, 12, 391, 33, 392, 391, 33, 1, 1, 1, 33]"
greedy_modularity,0.55,0.9590102510292174,0.2830234242936489,0.33985817196601503,0.308847858667197,54,32332,106,1296,"[10, 6, 7, 7, 7, 4, 3, 3, 7, 3395, 3714, 3390, 3391, 3748, 3696, 3651, 3653, 3694, 8, 7, 15, 14, 10, 13, 15, 13, 11, 394, 35, 397, 397, 34, 1, 2, 2, 34]"
label_propagation,0.55,0.9523705460906577,0.3402331696584293,0.16136786137971296,0.21890983295864447,67,32094,344,1283,"[11, 8, 10, 10, 8, 4, 4, 4, 8, 3367, 3679, 3356, 3372, 3710, 3672, 3633, 3644, 3661, 36, 42, 49, 33, 48, 37, 33, 22, 44, 393, 33, 394, 394, 33, 1, 1, 1, 33]"
infomap,0.55,0.9618555949095309,0.32094770452655025,0.8931216931216931,0.4722058851422005,50,32432,6,1300,"[8, 6, 6, 6, 6, 4, 4, 4, 6, 3403, 3721, 3405, 3405, 3758, 3707, 3665, 3663, 3705, 0, 0, 0, 0, 0, 2, 1, 3, 0, 396, 35, 398, 398, 35, 1, 1, 1, 35]"
surprise_communities,0.55,0.9282331257944689,0.41097560975609754,0.10920923352182202,0.17256301069751676,156,31192,1246,1194,"[32, 13, 34, 35, 15, 4, 4, 4, 15, 3280, 3576, 3272, 3285, 3604, 3572, 3523, 3520, 3560, 123, 145, 133, 120, 154, 137, 143, 146, 145, 372, 28, 370, 369, 26, 1, 1, 1, 26]"
walktrap,0.55,0.9414797905568832,0.3685140465266039,0.11522718630635143,0.17556012931521858,99,31695,743,1251,"[18, 10, 18, 19, 11, 4, 4, 4, 11, 3331, 3630, 3316, 3333, 3660, 3636, 3585, 3584, 3620, 72, 91, 89, 72, 98, 73, 81, 82, 85, 386, 31, 386, 385, 30, 1, 1, 1, 30]"
df_node_similarity,0.55,0.9618853023134777,0.36853417049021975,0.891005291005291,0.5214062851721174,51,32432,6,1299,"[6, 6, 6, 7, 7, 4, 4, 4, 7, 3403, 3721, 3405, 3405, 3758, 3707, 3664, 3664, 3705, 0, 0, 0, 0, 0, 2, 2, 2, 0, 398, 35, 398, 397, 34, 1, 1, 1, 34]"
