method,threshold,ACC,recall,PPV,f12,TP,TN,FP,FN,ALL
leiden,0.55,0.9504715458224678,0.4666666666666667,0.4004446171112838,0.4310269238747148,39,3490,60,132,"[1, 0, 2, 3, 4, 4, 9, 9, 7, 380, 340, 359, 394, 394, 423, 405, 398, 397, 8, 11, 9, 10, 7, 8, 1, 1, 5, 1, 2, 0, 2, 1, 1, 41, 41, 43]"
eigenvector,0.55,0.94709883212071,0.32000000000000006,0.3741402116402116,0.3449587438306306,27,3489,61,144,"[1, 1, 1, 2, 2, 1, 7, 6, 6, 377, 336, 363, 396, 397, 418, 403, 397, 402, 11, 15, 5, 8, 4, 13, 3, 2, 0, 1, 1, 1, 3, 3, 4, 43, 44, 44]"
louvain,0.55,0.9407945007470846,0.5133333333333333,0.3119196852530186,0.38804770938614114,54,3441,109,117,"[1, 2, 1, 3, 4, 2, 16, 15, 10, 371, 332, 355, 394, 387, 415, 397, 393, 397, 17, 19, 13, 10, 14, 16, 9, 6, 5, 1, 0, 1, 2, 1, 3, 34, 35, 40]"
greedy_modularity,0.55,0.9458599510376443,0.43333333333333335,0.3166458541458541,0.36591202997086164,33,3478,72,138,"[1, 1, 1, 2, 3, 5, 6, 6, 8, 378, 339, 358, 398, 393, 420, 402, 391, 399, 10, 12, 10, 6, 8, 11, 4, 8, 3, 1, 1, 1, 3, 2, 0, 44, 44, 42]"
label_propagation,0.55,0.9587128930286902,0.21777777777777776,0.7777777777777778,0.3402777777777778,8,3547,3,163,"[1, 1, 1, 1, 0, 1, 1, 1, 1, 387, 351, 368, 404, 400, 431, 405, 399, 402, 1, 0, 0, 0, 1, 0, 1, 0, 0, 1, 1, 1, 4, 5, 4, 49, 49, 49]"
infomap,0.55,0.95841259272839,0.21777777777777776,0.7222222222222222,0.3346467034410297,8,3546,4,163,"[1, 1, 1, 1, 0, 1, 1, 1, 1, 387, 351, 367, 404, 400, 431, 405, 399, 402, 1, 0, 1, 0, 1, 0, 1, 0, 0, 1, 1, 1, 4, 5, 4, 49, 49, 49]"
surprise_communities,0.55,0.7519308949561834,0.6088888888888888,0.09611308447713977,0.16601993022957265,97,2701,849,74,"[2, 1, 1, 3, 3, 3, 29, 24, 31, 292, 259, 292, 288, 305, 314, 325, 312, 314, 96, 92, 76, 116, 96, 117, 81, 87, 88, 0, 1, 1, 2, 2, 2, 21, 26, 19]"
walktrap,0.55,0.8354198404240876,0.2511111111111111,0.032048507037551084,0.05684240051084232,14,3082,468,157,"[2, 1, 0, 1, 1, 1, 4, 3, 1, 350, 319, 310, 345, 348, 351, 357, 358, 344, 38, 32, 58, 59, 53, 80, 49, 41, 58, 0, 1, 2, 4, 4, 4, 46, 47, 49]"
df_node_similarity,0.55,0.9538534869025987,0.4133333333333333,0.5756172839506173,0.4811601439776959,8,3530,20,163,"[1, 1, 1, 1, 0, 1, 1, 1, 1, 386, 343, 368, 401, 400, 430, 405, 397, 400, 2, 8, 0, 3, 1, 1, 1, 2, 2, 1, 1, 1, 4, 5, 4, 49, 49, 49]"
