method,threshold,ACC,recall,PPV,f12,TP,TN,FP,FN,ALL
leiden,0.95,0.8885133412264776,0.41777777777777775,0.11932348561846035,0.1856286851502057,41,4213,269,295,"[2, 2, 1, 5, 2, 3, 10, 7, 9, 155, 163, 104, 570, 474, 462, 776, 752, 757, 18, 18, 18, 31, 26, 36, 42, 30, 50, 0, 0, 1, 5, 8, 7, 90, 93, 91]"
eigenvector,0.95,0.9208942578761948,0.43333333333333335,0.2529140793846676,0.31940696324847356,37,4364,118,299,"[2, 1, 2, 2, 5, 5, 6, 7, 7, 158, 167, 113, 579, 479, 486, 810, 772, 800, 15, 14, 9, 22, 21, 12, 8, 10, 7, 0, 1, 0, 8, 5, 5, 94, 93, 93]"
louvain,0.95,0.8432861045919942,0.4433333333333333,0.09005297595037602,0.14969820300892392,55,4010,472,281,"[2, 2, 1, 3, 4, 4, 12, 15, 12, 147, 144, 101, 536, 443, 446, 750, 705, 738, 26, 37, 21, 65, 57, 52, 68, 77, 69, 0, 0, 1, 7, 6, 6, 88, 85, 88]"
greedy_modularity,0.95,0.8817518054724931,0.28888888888888886,0.15598221650278613,0.2025824049518467,41,4240,242,295,"[1, 0, 2, 2, 1, 5, 10, 13, 7, 147, 152, 106, 552, 472, 460, 793, 769, 789, 26, 29, 16, 49, 28, 38, 25, 13, 18, 1, 2, 0, 8, 9, 5, 90, 87, 93]"
label_propagation,0.95,0.8695387377623626,0.34,0.1038521367640478,0.15910580833160182,51,4125,357,285,"[0, 2, 1, 3, 4, 5, 15, 10, 11, 148, 158, 105, 562, 453, 453, 768, 725, 753, 25, 23, 17, 39, 47, 45, 50, 57, 54, 2, 0, 1, 7, 6, 5, 85, 90, 89]"
infomap,0.95,0.8131787756541945,0.27666666666666667,0.07076347244350689,0.11270118414508207,61,3867,615,275,"[0, 1, 1, 2, 4, 4, 17, 18, 14, 139, 145, 97, 521, 429, 416, 710, 706, 704, 34, 36, 25, 80, 71, 82, 108, 76, 103, 2, 1, 1, 8, 6, 6, 83, 82, 86]"
surprise_communities,0.95,0.8038123905293154,0.3144444444444445,0.07239646144053168,0.11769523207651938,64,3832,650,272,"[1, 0, 2, 1, 3, 4, 17, 20, 16, 137, 143, 95, 512, 413, 412, 726, 680, 714, 36, 38, 27, 89, 87, 86, 92, 102, 93, 1, 2, 0, 9, 7, 6, 83, 80, 84]"
walktrap,0.95,0.8073091061536539,0.4,0.061639134349269736,0.10681786661983371,52,3802,680,284,"[2, 1, 2, 3, 2, 2, 13, 16, 11, 140, 153, 95, 512, 422, 418, 703, 671, 688, 33, 28, 27, 89, 78, 80, 115, 111, 119, 0, 1, 0, 7, 8, 8, 87, 84, 89]"
df_node_similarity,0.95,0.9088536467963834,0.35444444444444445,0.18930807559413598,0.24680049548294355,29,4298,184,307,"[1, 1, 1, 0, 4, 3, 8, 5, 6, 162, 167, 111, 576, 477, 472, 801, 751, 781, 11, 14, 11, 25, 23, 26, 17, 31, 26, 1, 1, 1, 10, 6, 7, 92, 95, 94]"
