method,threshold,ACC,recall,PPV,f12,TP,TN,FP,FN,ALL
leiden,0.55,0.8725499728176924,0.7870370370370371,0.6817460317460318,0.7306175952609671,20,135,17,7,"[2, 2, 2, 1, 3, 3, 3, 2, 2, 15, 17, 16, 8, 18, 13, 14, 17, 17, 2, 0, 5, 0, 2, 1, 1, 6, 0, 0, 0, 0, 2, 0, 0, 1, 2, 2]"
eigenvector,0.55,0.9196161083659027,0.7500000000000001,0.8814814814814815,0.8104426787741204,19,146,6,8,"[2, 2, 2, 1, 3, 2, 3, 2, 2, 17, 17, 17, 8, 18, 14, 15, 23, 17, 0, 0, 4, 0, 2, 0, 0, 0, 0, 0, 0, 0, 2, 0, 1, 1, 2, 2]"
louvain,0.55,0.8938417960418827,0.7222222222222222,0.7203703703703703,0.7212951076879189,18,142,10,9,"[2, 2, 2, 1, 2, 3, 2, 2, 2, 16, 16, 18, 8, 18, 13, 15, 21, 17, 1, 1, 3, 0, 2, 1, 0, 2, 0, 0, 0, 0, 2, 1, 0, 2, 2, 2]"
greedy_modularity,0.55,0.8945574875788304,0.7870370370370371,0.7428571428571429,0.7643091820854229,20,140,12,7,"[2, 2, 2, 1, 3, 3, 3, 2, 2, 15, 17, 16, 8, 20, 13, 14, 20, 17, 2, 0, 5, 0, 0, 1, 1, 3, 0, 0, 0, 0, 2, 0, 0, 1, 2, 2]"
label_propagation,0.55,0.9164757818980759,0.7407407407407408,0.7777777777777778,0.7588075880758808,19,148,4,8,"[2, 2, 2, 0, 3, 2, 3, 2, 3, 16, 17, 20, 7, 20, 13, 15, 23, 17, 1, 0, 1, 1, 0, 1, 0, 0, 0, 0, 0, 0, 3, 0, 1, 1, 2, 1]"
infomap,0.55,0.9114957891972895,0.8518518518518517,0.7650793650793651,0.8061372891215823,22,140,12,5,"[2, 2, 2, 2, 3, 3, 3, 3, 2, 15, 17, 16, 8, 18, 14, 15, 20, 17, 2, 0, 5, 0, 2, 0, 0, 3, 0, 0, 0, 0, 1, 0, 0, 1, 1, 2]"
surprise_communities,0.55,0.8647932402587583,0.7407407407407407,0.5222222222222223,0.6125773867709351,20,136,16,7,"[1, 2, 2, 0, 2, 3, 3, 3, 4, 16, 17, 17, 8, 18, 12, 12, 21, 15, 1, 0, 4, 0, 2, 2, 3, 2, 2, 1, 0, 0, 3, 1, 0, 1, 1, 0]"
walktrap,0.55,0.9194248980671558,0.8518518518518517,0.7425925925925926,0.793478728438078,22,142,10,5,"[2, 2, 2, 2, 3, 3, 3, 3, 2, 16, 16, 18, 8, 18, 14, 14, 21, 17, 1, 1, 3, 0, 2, 0, 1, 2, 0, 0, 0, 0, 1, 0, 0, 1, 1, 2]"
df_node_similarity,0.55,0.9444586922339274,0.8194444444444444,0.9259259259259258,0.869437076333628,20,150,2,7,"[2, 2, 2, 1, 3, 3, 3, 2, 2, 16, 17, 20, 8, 20, 14, 15, 23, 17, 1, 0, 1, 0, 0, 0, 0, 0, 0, 0, 0, 0, 2, 0, 0, 1, 2, 2]"
