method,threshold,ACC,recall,PPV,f12,TP,TN,FP,FN,ALL
leiden,0.55,0.9594166310665029,0.3405081971611795,0.3940446158970411,0.36532545890484847,68,32332,106,1282,"[10, 8, 11, 11, 8, 4, 4, 4, 8, 3396, 3710, 3392, 3395, 3748, 3693, 3650, 3651, 3697, 7, 11, 13, 10, 10, 16, 16, 15, 8, 394, 33, 393, 393, 33, 1, 1, 1, 33]"
eigenvector,0.55,0.95888514606384,0.33995814215567904,0.3502645502645503,0.3450343985457789,66,32316,122,1284,"[10, 8, 10, 10, 8, 4, 4, 4, 8, 3392, 3708, 3394, 3394, 3745, 3692, 3649, 3650, 3692, 11, 13, 11, 11, 13, 17, 17, 16, 13, 394, 33, 394, 394, 33, 1, 1, 1, 33]"
louvain,0.55,0.9598313891445586,0.33995814215567904,0.4300653594771242,0.3797396321108053,66,32348,90,1284,"[10, 8, 10, 10, 8, 4, 4, 4, 8, 3398, 3711, 3397, 3397, 3748, 3693, 3653, 3653, 3698, 5, 10, 8, 8, 10, 16, 13, 13, 7, 394, 33, 394, 394, 33, 1, 1, 1, 33]"
greedy_modularity,0.55,0.9595689503660986,0.23586895274893344,0.37949725474235285,0.2909214674367425,51,32354,84,1299,"[9, 5, 7, 8, 7, 2, 3, 3, 7, 3399, 3714, 3394, 3396, 3750, 3697, 3654, 3654, 3696, 4, 7, 11, 9, 8, 12, 12, 12, 9, 395, 36, 397, 396, 34, 3, 2, 2, 34]"
label_propagation,0.55,0.9524846505310636,0.34647830636722216,0.1710316179599943,0.22901491368716587,72,32093,345,1278,"[11, 9, 11, 12, 9, 4, 4, 4, 8, 3370, 3680, 3352, 3375, 3710, 3671, 3635, 3640, 3660, 33, 41, 53, 30, 48, 38, 31, 26, 45, 393, 32, 393, 392, 32, 1, 1, 1, 33]"
infomap,0.55,0.9616746922074927,0.2542810378598836,0.8365079365079365,0.39000780402377144,47,32429,9,1303,"[8, 6, 6, 6, 6, 3, 3, 3, 6, 3403, 3721, 3405, 3405, 3758, 3706, 3664, 3662, 3705, 0, 0, 0, 0, 0, 3, 2, 4, 0, 396, 35, 398, 398, 35, 2, 2, 2, 35]"
surprise_communities,0.55,0.9242241737499847,0.41529555394563844,0.09995885883345015,0.16113387336989082,154,31059,1379,1196,"[32, 15, 35, 30, 15, 4, 4, 4, 15, 3268, 3564, 3263, 3271, 3594, 3558, 3501, 3500, 3540, 135, 157, 142, 134, 164, 151, 165, 166, 165, 372, 26, 369, 374, 26, 1, 1, 1, 26]"
walktrap,0.55,0.940977760885123,0.36254393732056134,0.10900025397658299,0.167608389520844,95,31682,756,1255,"[18, 9, 17, 18, 11, 4, 4, 4, 10, 3328, 3636, 3314, 3328, 3661, 3633, 3584, 3582, 3616, 75, 85, 91, 77, 97, 76, 82, 84, 89, 386, 32, 387, 386, 30, 1, 1, 1, 31]"
df_node_similarity,0.55,0.9616465874626111,0.3345132684000107,0.8444444444444444,0.47919932668630144,45,32430,8,1305,"[6, 6, 6, 6, 6, 3, 3, 3, 6, 3403, 3721, 3405, 3405, 3758, 3706, 3663, 3664, 3705, 0, 0, 0, 0, 0, 3, 3, 2, 0, 398, 35, 398, 398, 35, 2, 2, 2, 35]"
