method,threshold,ACC,recall,PPV,f12,TP,TN,FP,FN,ALL
leiden,0.6,0.957101485940173,0.711111111111111,0.5335016835016835,0.6096337376196702,50,3504,46,121,"[2, 2, 2, 4, 5, 5, 11, 10, 9, 380, 343, 358, 397, 394, 425, 406, 399, 402, 8, 8, 10, 7, 7, 6, 0, 0, 0, 0, 0, 0, 1, 0, 0, 39, 40, 41]"
eigenvector,0.6,0.9549065722057904,0.6,0.5076398909732244,0.5499692401224605,36,3508,42,135,"[2, 2, 2, 3, 4, 3, 9, 6, 5, 381, 341, 364, 396, 399, 424, 403, 398, 402, 7, 10, 4, 8, 2, 7, 3, 1, 0, 0, 0, 0, 2, 1, 2, 41, 44, 45]"
louvain,0.6,0.9524349331448378,0.7,0.4311096311096312,0.5335941512242195,54,3483,67,117,"[2, 2, 2, 4, 4, 5, 13, 12, 10, 378, 339, 359, 394, 392, 422, 404, 397, 398, 10, 12, 9, 10, 9, 9, 2, 2, 4, 0, 0, 0, 1, 1, 0, 37, 38, 40]"
greedy_modularity,0.6,0.9491860566372434,0.6155555555555554,0.3707070707070707,0.4627384041148891,40,3483,67,131,"[1, 2, 2, 4, 4, 5, 5, 11, 6, 379, 342, 357, 396, 393, 421, 400, 397, 398, 9, 9, 11, 8, 8, 10, 6, 2, 4, 1, 0, 0, 1, 1, 0, 45, 39, 44]"
label_propagation,0.6,0.9628690610581442,0.6488888888888887,0.7962962962962963,0.715074890369611,31,3541,9,140,"[2, 2, 2, 5, 4, 4, 4, 3, 5, 386, 347, 366, 403, 401, 431, 406, 399, 402, 2, 4, 2, 1, 0, 0, 0, 0, 0, 0, 0, 0, 0, 1, 1, 46, 47, 45]"
infomap,0.6,0.9628690610581442,0.6488888888888887,0.7962962962962963,0.715074890369611,31,3541,9,140,"[2, 2, 2, 5, 4, 4, 4, 3, 5, 386, 347, 366, 403, 401, 431, 406, 399, 402, 2, 4, 2, 1, 0, 0, 0, 0, 0, 0, 0, 0, 0, 1, 1, 46, 47, 45]"
surprise_communities,0.6,0.7574994855316297,0.56,0.08897184801766694,0.15354821643522856,84,2735,815,87,"[2, 1, 1, 2, 3, 3, 24, 21, 27, 296, 258, 291, 298, 306, 324, 324, 321, 317, 92, 93, 77, 106, 95, 107, 82, 78, 85, 0, 1, 1, 3, 2, 2, 26, 29, 23]"
walktrap,0.6,0.8763256506435481,0.3488888888888889,0.04969556930238305,0.08699903671752782,16,3233,317,155,"[1, 2, 1, 1, 2, 2, 2, 3, 2, 360, 325, 329, 367, 364, 387, 371, 371, 359, 28, 26, 39, 37, 37, 44, 35, 28, 43, 1, 0, 1, 4, 3, 3, 48, 47, 48]"
df_node_similarity,0.6,0.9555491270017067,0.6799999999999999,0.6868810655575361,0.6834232126678966,31,3515,35,140,"[2, 2, 2, 5, 4, 4, 4, 3, 5, 386, 336, 366, 398, 401, 427, 406, 396, 399, 2, 15, 2, 6, 0, 4, 0, 3, 3, 0, 0, 0, 0, 1, 1, 46, 47, 45]"
