method,threshold,ACC,recall,PPV,f12,TP,TN,FP,FN,ALL
leiden,0.7,0.9575681428687537,0.7155555555555555,0.5362859362859363,0.6130846174641795,52,3504,46,119,"[2, 2, 2, 4, 5, 5, 11, 11, 10, 380, 343, 357, 397, 395, 425, 406, 399, 402, 8, 8, 11, 7, 6, 6, 0, 0, 0, 0, 0, 0, 1, 0, 0, 39, 39, 40]"
eigenvector,0.7,0.9559168292297474,0.6022222222222221,0.5341189674523008,0.5661298110689703,37,3511,39,134,"[2, 2, 2, 3, 4, 3, 9, 7, 5, 381, 341, 364, 397, 399, 424, 404, 399, 402, 7, 10, 4, 7, 2, 7, 2, 0, 0, 0, 0, 0, 2, 1, 2, 41, 43, 45]"
louvain,0.7,0.952820053617055,0.7333333333333333,0.4389271948095478,0.5491611039233126,60,3479,71,111,"[2, 2, 2, 4, 5, 5, 15, 13, 12, 377, 338, 358, 394, 394, 419, 403, 397, 399, 11, 13, 10, 10, 7, 12, 3, 2, 3, 0, 0, 0, 1, 0, 0, 35, 37, 38]"
greedy_modularity,0.7,0.9490641496115971,0.6155555555555554,0.37286972286972286,0.4644195862262528,40,3483,67,131,"[1, 2, 2, 4, 4, 5, 5, 10, 7, 379, 340, 357, 395, 393, 426, 400, 396, 397, 9, 11, 11, 9, 8, 5, 6, 3, 5, 1, 0, 0, 1, 1, 0, 45, 40, 43]"
label_propagation,0.7,0.9628835231122663,0.6488888888888887,0.7925925925925925,0.7135777092611623,31,3541,9,140,"[2, 2, 2, 5, 4, 4, 4, 3, 5, 386, 348, 365, 403, 401, 431, 406, 399, 402, 2, 3, 3, 1, 0, 0, 0, 0, 0, 0, 0, 0, 0, 1, 1, 46, 47, 45]"
infomap,0.7,0.9628835231122663,0.6488888888888887,0.7925925925925925,0.7135777092611623,31,3541,9,140,"[2, 2, 2, 5, 4, 4, 4, 3, 5, 386, 348, 365, 403, 401, 431, 406, 399, 402, 2, 3, 3, 1, 0, 0, 0, 0, 0, 0, 0, 0, 0, 1, 1, 46, 47, 45]"
surprise_communities,0.7,0.7015468349700095,0.74,0.09225863372828945,0.16406291552205876,120,2493,1057,51,"[2, 1, 1, 4, 4, 5, 33, 35, 35, 274, 234, 267, 275, 279, 298, 296, 277, 293, 114, 117, 101, 129, 122, 133, 110, 122, 109, 0, 1, 1, 1, 1, 0, 17, 15, 15]"
walktrap,0.7,0.7969280319873469,0.5666666666666667,0.062168863727562904,0.11204526804287453,45,2910,640,126,"[1, 2, 2, 4, 2, 4, 9, 12, 9, 327, 296, 294, 330, 337, 343, 329, 331, 323, 61, 55, 74, 74, 64, 88, 77, 68, 79, 1, 0, 0, 1, 3, 1, 41, 38, 41]"
df_node_similarity,0.7,0.9559070627544117,0.6466666666666666,0.6886784511784512,0.6670116848105866,24,3522,28,147,"[2, 2, 2, 3, 3, 3, 4, 2, 3, 387, 342, 367, 396, 401, 426, 406, 397, 400, 1, 9, 1, 8, 0, 5, 0, 2, 2, 0, 0, 0, 2, 2, 2, 46, 48, 47]"
