method,threshold,ACC,recall,PPV,f12,TP,TN,FP,FN,ALL
leiden,0.55,0.4679222692115111,0.4722222222222222,0.12378618113912232,0.19615356162177924,11,73,79,16,"[1, 2, 2, 1, 2, 0, 1, 0, 2, 10, 2, 9, 3, 7, 10, 9, 11, 12, 7, 15, 12, 5, 13, 4, 6, 12, 5, 1, 0, 0, 2, 1, 3, 3, 4, 2]"
eigenvector,0.55,0.6506552519175721,0.35185185185185186,0.19656084656084655,0.2522198995908595,9,108,44,18,"[1, 2, 0, 1, 1, 0, 2, 1, 1, 10, 9, 13, 6, 13, 12, 10, 19, 16, 7, 8, 8, 2, 7, 2, 5, 4, 1, 1, 0, 2, 2, 2, 3, 2, 3, 3]"
louvain,0.55,0.5705237198933076,0.3055555555555556,0.1284431617764951,0.1808600813163312,8,94,58,19,"[1, 0, 1, 1, 2, 0, 2, 0, 1, 11, 13, 11, 4, 10, 10, 8, 12, 15, 6, 4, 10, 4, 10, 4, 7, 11, 2, 1, 2, 1, 2, 1, 3, 2, 4, 3]"
greedy_modularity,0.55,0.6717011254185391,0.2962962962962963,0.18888888888888888,0.23070398642917725,8,114,38,19,"[0, 2, 0, 1, 1, 0, 1, 2, 1, 13, 9, 16, 6, 15, 10, 10, 19, 16, 4, 8, 5, 2, 5, 4, 5, 4, 1, 2, 0, 2, 2, 2, 3, 3, 2, 3]"
label_propagation,0.55,0.5729108091471802,0.6203703703703705,0.21030614265908382,0.3141239641813579,16,89,63,11,"[1, 2, 2, 1, 1, 2, 2, 3, 2, 13, 2, 13, 4, 15, 9, 7, 15, 11, 4, 15, 8, 4, 5, 5, 8, 8, 6, 1, 0, 0, 2, 2, 1, 2, 1, 2]"
infomap,0.55,0.4799934453693745,0.7314814814814815,0.2012349669212414,0.3156364444553455,19,65,87,8,"[1, 2, 2, 3, 2, 2, 3, 2, 2, 10, 2, 9, 4, 7, 7, 5, 9, 12, 7, 15, 12, 4, 13, 7, 10, 14, 5, 1, 0, 0, 0, 1, 1, 1, 2, 2]"
surprise_communities,0.55,0.6090303619206866,0.18518518518518517,0.1197530864197531,0.1454490928175139,6,104,48,21,"[0, 0, 0, 1, 0, 1, 1, 1, 2, 12, 13, 13, 4, 13, 10, 10, 15, 14, 5, 4, 8, 4, 7, 4, 5, 8, 3, 2, 2, 2, 2, 3, 2, 3, 3, 2]"
walktrap,0.55,0.6107144786943175,0.4074074074074074,0.1691919191919192,0.2390916463909165,11,98,54,16,"[1, 0, 1, 1, 2, 2, 0, 2, 2, 12, 13, 11, 5, 10, 10, 10, 14, 13, 5, 4, 10, 3, 10, 4, 5, 9, 4, 1, 2, 1, 2, 1, 1, 4, 2, 2]"
df_node_similarity,0.55,0.4382606376294775,0.7222222222222223,0.1917635741165153,0.3030592273851414,18,60,92,9,"[2, 2, 2, 1, 3, 1, 2, 3, 2, 7, 2, 11, 3, 5, 10, 6, 5, 11, 10, 15, 10, 5, 15, 4, 9, 18, 6, 0, 0, 0, 2, 0, 2, 2, 1, 2]"
