method,threshold,ACC,recall,PPV,f12,TP,TN,FP,FN,ALL
leiden,0.8,0.9444386464383732,0.4433333333333333,0.29514633514633515,0.3543718647012268,68,6998,164,268,"[1, 1, 2, 3, 8, 4, 18, 20, 11, 712, 714, 732, 824, 807, 809, 818, 767, 815, 19, 38, 24, 22, 18, 12, 7, 13, 11, 1, 1, 0, 7, 2, 6, 82, 80, 89]"
eigenvector,0.8,0.9330098959781505,0.5211111111111112,0.2412489802882963,0.32981139907700674,93,6889,273,243,"[1, 1, 2, 5, 7, 8, 24, 20, 25, 716, 705, 700, 826, 798, 796, 808, 741, 799, 15, 47, 56, 20, 27, 25, 17, 39, 27, 1, 1, 0, 5, 3, 2, 76, 80, 75]"
louvain,0.8,0.9470733509335576,0.4600000000000001,0.31877939327783034,0.3765855187580407,65,7020,142,271,"[2, 0, 2, 5, 6, 6, 15, 12, 17, 706, 728, 737, 828, 814, 802, 819, 770, 816, 25, 24, 19, 18, 11, 19, 6, 10, 10, 0, 2, 0, 5, 4, 4, 85, 88, 83]"
greedy_modularity,0.8,0.9214123935348704,0.5900000000000001,0.20857305218628303,0.3081949746563731,79,6819,343,257,"[1, 2, 2, 7, 6, 10, 14, 27, 10, 680, 705, 702, 786, 792, 787, 807, 750, 810, 51, 47, 54, 60, 33, 34, 18, 30, 16, 1, 0, 0, 3, 4, 0, 86, 73, 90]"
label_propagation,0.8,0.8685163623652744,0.5766666666666667,0.5291203942926489,0.5518713409024424,269,6180,982,67,"[2, 1, 1, 2, 2, 2, 86, 91, 82, 724, 752, 756, 537, 824, 821, 647, 474, 645, 7, 0, 0, 309, 1, 0, 178, 306, 181, 0, 1, 1, 8, 8, 8, 14, 9, 18]"
infomap,0.8,0.8685163623652744,0.5766666666666667,0.5291203942926489,0.5518713409024424,269,6180,982,67,"[2, 1, 1, 2, 2, 2, 86, 91, 82, 724, 752, 756, 537, 824, 821, 647, 474, 645, 7, 0, 0, 309, 1, 0, 178, 306, 181, 0, 1, 1, 8, 8, 8, 14, 9, 18]"
surprise_communities,0.8,0.5828449507866963,0.7244444444444444,0.06009218964985251,0.1109787639084426,209,4163,2999,127,"[2, 2, 1, 5, 10, 7, 55, 62, 65, 429, 434, 430, 487, 465, 485, 495, 476, 462, 302, 318, 326, 359, 360, 336, 330, 304, 364, 0, 0, 1, 5, 0, 3, 45, 38, 35]"
walktrap,0.8,0.7446800204498759,0.44555555555555554,0.032790871078087855,0.06108608308487554,56,5513,1649,280,"[1, 1, 1, 9, 4, 9, 9, 6, 16, 525, 553, 615, 612, 662, 665, 580, 658, 643, 206, 199, 141, 234, 163, 156, 245, 122, 183, 1, 1, 1, 1, 6, 1, 91, 94, 84]"
df_node_similarity,0.8,0.9485277106060993,0.495,0.3792693445836666,0.42947479911540837,47,7043,119,289,"[0, 1, 1, 2, 2, 2, 14, 13, 12, 725, 728, 841, 819, 813, 741, 810, 767, 799, 6, 24, 5, 6, 8, 15, 15, 13, 27, 2, 1, 9, 8, 8, 0, 86, 87, 88]"
