method,threshold,ACC,recall,PPV,f12,TP,TN,FP,FN,ALL
leiden,0.65,0.8378698274550835,0.13333333333333336,0.03892022709466928,0.06025261364384495,9,1935,222,162,"[0, 0, 1, 2, 0, 1, 2, 2, 1, 72, 150, 153, 138, 153, 165, 380, 363, 361, 16, 25, 19, 19, 31, 24, 28, 27, 33, 2, 2, 1, 3, 5, 4, 48, 48, 49]"
eigenvector,0.65,0.8674099320751165,0.11555555555555556,0.08375654016161936,0.09711937948333076,16,1996,161,155,"[0, 0, 0, 1, 1, 2, 3, 5, 4, 78, 150, 153, 140, 166, 170, 394, 370, 375, 10, 25, 19, 17, 18, 19, 14, 20, 19, 2, 2, 2, 4, 4, 3, 47, 45, 46]"
louvain,0.65,0.8572639244145085,0.1711111111111111,0.05254277074452513,0.08039790598184521,11,1973,184,160,"[0, 1, 1, 1, 0, 1, 2, 3, 2, 74, 150, 155, 142, 162, 171, 384, 367, 368, 14, 25, 17, 15, 22, 18, 24, 23, 26, 2, 1, 1, 4, 5, 4, 48, 47, 48]"
greedy_modularity,0.65,0.8796927796420018,0.15777777777777777,0.11185491829196678,0.1309056408875313,14,2032,125,157,"[0, 1, 1, 0, 0, 1, 1, 7, 3, 75, 157, 162, 139, 166, 174, 391, 380, 388, 13, 18, 10, 18, 18, 15, 17, 10, 6, 2, 1, 1, 5, 5, 4, 49, 43, 47]"
label_propagation,0.65,0.8275034681358244,0.1733333333333333,0.1019801627590818,0.1284104251756258,18,1914,243,153,"[0, 1, 0, 1, 3, 0, 1, 4, 8, 70, 147, 157, 134, 160, 145, 407, 347, 347, 18, 28, 15, 23, 24, 44, 1, 43, 47, 2, 1, 2, 4, 2, 5, 49, 46, 42]"
infomap,0.65,0.8118867625492545,0.25777777777777783,0.0664808105993208,0.10570129048503935,23,1870,287,148,"[0, 1, 1, 2, 1, 2, 5, 5, 6, 69, 148, 131, 137, 156, 157, 374, 348, 350, 19, 27, 41, 20, 28, 32, 34, 42, 44, 2, 1, 1, 3, 4, 3, 45, 45, 44]"
surprise_communities,0.65,0.7708881565433656,0.24666666666666665,0.07034653836628052,0.10947270242919871,42,1752,405,129,"[0, 1, 0, 3, 2, 0, 11, 10, 15, 69, 142, 127, 127, 142, 147, 342, 327, 329, 19, 33, 45, 30, 42, 42, 66, 63, 65, 2, 1, 2, 2, 3, 5, 39, 40, 35]"
walktrap,0.65,0.8099973269757563,0.1666666666666667,0.05921842569797661,0.08738724200884272,21,1867,290,150,"[0, 0, 0, 4, 0, 2, 5, 5, 5, 68, 154, 135, 132, 148, 162, 369, 343, 356, 20, 21, 37, 25, 36, 27, 39, 47, 38, 2, 2, 2, 1, 5, 3, 45, 45, 45]"
df_node_similarity,0.65,0.8682985841331604,0.23222222222222225,0.10436723141616501,0.14401158529869434,18,1993,164,153,"[0, 1, 1, 2, 0, 1, 6, 3, 4, 80, 155, 154, 140, 162, 163, 394, 365, 380, 8, 20, 18, 17, 22, 26, 14, 25, 14, 2, 1, 1, 3, 5, 4, 44, 47, 46]"
