method,threshold,ACC,recall,PPV,f12,TP,TN,FP,FN,ALL
leiden,0.95,0.8939995704400913,0.41111111111111115,0.11160936062266119,0.175557877439903,35,4216,266,301,"[2, 2, 1, 5, 3, 2, 6, 8, 6, 155, 165, 110, 564, 471, 471, 771, 753, 756, 18, 16, 12, 37, 29, 27, 47, 29, 51, 0, 0, 1, 5, 7, 8, 94, 92, 94]"
eigenvector,0.95,0.9203510817890564,0.4344444444444444,0.24785353535353533,0.31563508806559987,38,4364,118,298,"[2, 1, 2, 3, 5, 4, 7, 6, 8, 157, 166, 113, 582, 485, 482, 807, 773, 799, 16, 15, 9, 19, 15, 16, 11, 9, 8, 0, 1, 0, 7, 5, 6, 93, 94, 92]"
louvain,0.95,0.8861725428503284,0.33111111111111113,0.10374386567197025,0.1579871380924455,39,4193,289,297,"[2, 1, 1, 2, 2, 3, 11, 9, 8, 153, 158, 111, 569, 462, 465, 775, 740, 760, 20, 23, 11, 32, 38, 33, 43, 42, 47, 0, 1, 1, 8, 8, 7, 89, 91, 92]"
greedy_modularity,0.95,0.8665758995043112,0.42333333333333334,0.15361598157128067,0.22542973482027126,55,4162,320,281,"[2, 1, 2, 2, 3, 4, 19, 12, 10, 142, 150, 105, 538, 445, 453, 785, 758, 786, 31, 31, 17, 63, 55, 45, 33, 24, 21, 0, 1, 0, 8, 7, 6, 81, 88, 90]"
label_propagation,0.95,0.8663700288738336,0.3244444444444445,0.09431354013802401,0.14614409878861126,46,4118,364,290,"[0, 2, 1, 3, 4, 4, 14, 8, 10, 147, 158, 104, 563, 451, 451, 764, 727, 753, 26, 23, 18, 38, 49, 47, 54, 55, 54, 2, 0, 1, 7, 6, 6, 86, 92, 90]"
infomap,0.95,0.7772377839117944,0.3611111111111111,0.06557653054964645,0.11099648312955784,79,3635,847,257,"[1, 1, 1, 4, 3, 4, 25, 20, 20, 139, 141, 95, 485, 404, 393, 657, 673, 648, 34, 40, 27, 116, 96, 105, 161, 109, 159, 1, 1, 1, 6, 7, 6, 75, 80, 80]"
surprise_communities,0.95,0.8149742381551474,0.28,0.06807522757596361,0.10952266757972567,51,3902,580,285,"[1, 0, 2, 1, 2, 3, 14, 16, 12, 141, 142, 96, 523, 419, 420, 739, 699, 723, 32, 39, 26, 78, 81, 78, 79, 83, 84, 1, 2, 0, 9, 8, 7, 86, 84, 88]"
walktrap,0.95,0.8828445404749656,0.26,0.06834504544374084,0.10823803838037391,20,4200,282,316,"[2, 0, 2, 0, 1, 1, 7, 3, 4, 154, 161, 108, 557, 462, 458, 784, 748, 768, 19, 20, 14, 44, 38, 40, 34, 34, 39, 0, 2, 0, 10, 9, 9, 93, 97, 96]"
df_node_similarity,0.95,0.9111161383479917,0.3738888888888888,0.19377143744203634,0.25525471512825326,32,4303,179,304,"[1, 2, 1, 0, 4, 2, 8, 7, 7, 163, 168, 111, 579, 478, 468, 800, 751, 785, 10, 13, 11, 22, 22, 30, 18, 31, 22, 1, 0, 1, 10, 6, 8, 92, 93, 93]"
