method,threshold,ACC,recall,PPV,f12,TP,TN,FP,FN,ALL
leiden,0.55,0.950421406374049,0.3388888888888888,0.31075289233183967,0.32421160536644816,41,7066,96,295,"[1, 1, 1, 3, 7, 3, 11, 9, 5, 716, 738, 737, 837, 813, 810, 820, 775, 820, 15, 14, 19, 9, 12, 11, 5, 5, 6, 1, 1, 1, 7, 3, 7, 89, 91, 95]"
eigenvector,0.55,0.947652020497089,0.32999999999999996,0.2679492184323102,0.2957550218544927,51,7036,126,285,"[1, 1, 1, 2, 6, 3, 13, 6, 18, 721, 726, 735, 837, 808, 809, 818, 771, 811, 10, 26, 21, 9, 17, 12, 7, 9, 15, 1, 1, 1, 8, 4, 7, 87, 94, 82]"
louvain,0.55,0.9496647678122893,0.4511111111111112,0.3200203430808716,0.3744231460423078,66,7037,125,270,"[1, 1, 2, 5, 5, 6, 16, 12, 18, 711, 736, 738, 833, 810, 806, 818, 769, 816, 20, 16, 18, 13, 15, 15, 7, 11, 10, 1, 1, 0, 5, 5, 4, 84, 88, 82]"
greedy_modularity,0.55,0.9526522748876948,0.2722222222222222,0.2904040404040404,0.2810193496908039,26,7095,67,310,"[1, 1, 1, 3, 2, 3, 5, 4, 6, 721, 743, 748, 837, 815, 813, 821, 774, 823, 10, 9, 8, 9, 10, 8, 4, 6, 3, 1, 1, 1, 7, 8, 7, 95, 96, 94]"
label_propagation,0.55,0.9593943790730725,0.1588888888888889,0.8333333333333334,0.2668906308324002,9,7160,2,327,"[0, 1, 1, 2, 1, 1, 1, 1, 1, 730, 752, 755, 846, 825, 821, 825, 780, 826, 1, 0, 1, 0, 0, 0, 0, 0, 0, 2, 1, 1, 8, 9, 9, 99, 99, 99]"
infomap,0.55,0.9593943790730725,0.1588888888888889,0.8333333333333334,0.2668906308324002,9,7160,2,327,"[0, 1, 1, 2, 1, 1, 1, 1, 1, 730, 752, 755, 846, 825, 821, 825, 780, 826, 1, 0, 1, 0, 0, 0, 0, 0, 0, 2, 1, 1, 8, 9, 9, 99, 99, 99]"
surprise_communities,0.55,0.7721735606679612,0.49666666666666676,0.09235412992643262,0.1557473628393749,174,5615,1547,162,"[1, 1, 1, 3, 8, 3, 51, 53, 53, 566, 576, 591, 656, 644, 632, 663, 633, 654, 165, 176, 165, 190, 181, 189, 162, 147, 172, 1, 1, 1, 7, 2, 7, 49, 47, 47]"
walktrap,0.55,0.864081184759966,0.1544444444444445,0.021663228822976967,0.0379968149980265,14,6448,714,322,"[1, 1, 0, 1, 1, 1, 2, 2, 5, 625, 656, 692, 747, 752, 775, 705, 734, 762, 106, 96, 64, 99, 73, 46, 120, 46, 64, 1, 1, 2, 9, 9, 9, 98, 98, 95]"
df_node_similarity,0.55,0.9514778437165357,0.3305555555555556,0.5118911952245286,0.4017072373173941,14,7096,66,322,"[0, 1, 1, 2, 1, 1, 3, 3, 2, 723, 744, 842, 814, 810, 753, 819, 776, 815, 8, 8, 4, 11, 11, 3, 6, 4, 11, 2, 1, 9, 8, 9, 1, 97, 97, 98]"
