method,threshold,ACC,recall,PPV,f12,TP,TN,FP,FN,ALL
leiden,0.6,0.8807804254925896,0.7222222222222222,0.6944444444444444,0.7080610021786493,18,139,13,9,"[2, 2, 2, 1, 2, 3, 2, 2, 2, 16, 17, 17, 8, 18, 13, 14, 19, 17, 1, 0, 4, 0, 2, 1, 1, 4, 0, 0, 0, 0, 2, 1, 0, 2, 2, 2]"
eigenvector,0.6,0.9089372372751323,0.6296296296296297,0.8611111111111112,0.7273982056590751,16,147,5,11,"[2, 2, 1, 1, 2, 2, 2, 2, 2, 17, 17, 18, 8, 18, 14, 15, 23, 17, 0, 0, 3, 0, 2, 0, 0, 0, 0, 0, 0, 1, 2, 1, 1, 2, 2, 2]"
louvain,0.6,0.8938417960418827,0.7222222222222222,0.7203703703703703,0.7212951076879189,18,142,10,9,"[2, 2, 2, 1, 2, 3, 2, 2, 2, 16, 16, 18, 8, 18, 13, 15, 21, 17, 1, 1, 3, 0, 2, 1, 0, 2, 0, 0, 0, 0, 2, 1, 0, 2, 2, 2]"
greedy_modularity,0.6,0.8790476986136639,0.6666666666666666,0.7203703703703704,0.6924788607031598,17,140,12,10,"[2, 2, 1, 1, 2, 3, 2, 2, 2, 15, 17, 16, 8, 20, 13, 14, 20, 17, 2, 0, 5, 0, 0, 1, 1, 3, 0, 0, 0, 1, 2, 1, 0, 2, 2, 2]"
label_propagation,0.6,0.907069550269622,0.6203703703703703,0.8518518518518519,0.717912881434894,15,150,2,12,"[2, 2, 2, 0, 2, 2, 2, 1, 2, 17, 17, 21, 7, 20, 13, 15, 23, 17, 0, 0, 0, 1, 0, 1, 0, 0, 0, 0, 0, 0, 3, 1, 1, 2, 3, 2]"
infomap,0.6,0.9131902941597682,0.75,0.8055555555555556,0.7767857142857144,19,144,8,8,"[2, 2, 2, 2, 2, 2, 2, 3, 2, 16, 17, 17, 8, 18, 14, 15, 22, 17, 1, 0, 4, 0, 2, 0, 0, 1, 0, 0, 0, 0, 1, 1, 1, 2, 1, 2]"
surprise_communities,0.6,0.8647932402587583,0.7407407407407407,0.5222222222222223,0.6125773867709351,20,136,16,7,"[1, 2, 2, 0, 2, 3, 3, 3, 4, 16, 17, 17, 8, 18, 12, 12, 21, 15, 1, 0, 4, 0, 2, 2, 3, 2, 2, 1, 0, 0, 3, 1, 0, 1, 1, 0]"
walktrap,0.6,0.91217325881779,0.75,0.7759259259259259,0.7627427184466019,19,144,8,8,"[2, 2, 2, 2, 2, 2, 2, 3, 2, 16, 17, 18, 8, 18, 14, 14, 22, 17, 1, 0, 3, 0, 2, 0, 1, 1, 0, 0, 0, 0, 1, 1, 1, 2, 1, 2]"
df_node_similarity,0.6,0.9379227445215091,0.7175925925925926,1.0,0.8355795148247979,17,152,0,10,"[2, 2, 2, 1, 2, 2, 2, 2, 2, 17, 17, 21, 8, 20, 14, 15, 23, 17, 0, 0, 0, 0, 0, 0, 0, 0, 0, 0, 0, 0, 2, 1, 1, 2, 2, 2]"
