method,threshold,ACC,recall,PPV,f12,TP,TN,FP,FN,ALL
leiden,0.7,0.9355060963353424,0.28531745176729767,0.5753960321426589,0.3814754450044893,200,59305,128,4015,"[45, 17, 38, 19, 14, 7, 11, 9, 40, 5421, 6946, 6143, 7066, 6926, 6605, 7050, 7045, 6103, 5, 6, 7, 17, 21, 29, 17, 20, 6, 1220, 110, 1227, 108, 113, 6, 2, 4, 1225]"
louvain,0.7,0.9357265303294038,0.32982158774695575,0.6228677105870088,0.4312743254729065,196,59323,110,4019,"[28, 21, 32, 22, 21, 10, 12, 9, 41, 5424, 6946, 6143, 7067, 6928, 6612, 7051, 7050, 6102, 2, 6, 7, 16, 19, 22, 16, 15, 7, 1237, 106, 1233, 105, 106, 3, 1, 4, 1224]"
df_node_similarity,0.7,0.9337768126204953,0.24265681064722489,0.44823590182852313,0.31486073710499596,79,59315,118,4136,"[22, 1, 25, 1, 1, 1, 1, 1, 26, 5416, 6940, 6138, 7063, 6934, 6618, 7056, 7053, 6097, 10, 12, 12, 20, 13, 16, 11, 12, 12, 1243, 126, 1240, 126, 126, 12, 12, 12, 1239]"
eigenvector,0.7,0.9884895632896985,0.27569150010094895,0.30658638260264276,0.29031932086375534,61,41617,131,359,"[21, 20, 3, 2, 7, 8, 6928, 7049, 6943, 6624, 7041, 7032, 24, 34, 4, 10, 26, 33, 106, 107, 124, 11, 6, 5]"
infomap,0.7,0.935054879766391,0.36436361481722657,0.2632846955245193,0.30568508448667187,565,52626,1381,2385,"[39, 208, 39, 34, 5, 9, 8, 223, 6752, 6070, 6889, 6737, 6456, 6834, 6829, 6059, 200, 80, 194, 210, 178, 233, 236, 50, 88, 1057, 88, 93, 8, 4, 5, 1042]"
surprise_communities,0.7,0.9573060152481704,0.10670300827781143,0.03623331855596476,0.05409687201918628,55,40310,1438,365,"[17, 18, 17, 1, 1, 1, 6709, 6835, 6728, 6390, 6826, 6822, 243, 248, 219, 244, 241, 243, 110, 109, 110, 12, 12, 12]"
greedy_modularity,0.7,0.9910896067938411,0.4506359781950333,0.237241188556978,0.3108386794646096,36,27593,120,130,"[14, 8, 8, 6, 6925, 6605, 7037, 7026, 22, 29, 30, 39, 113, 5, 5, 7]"
walktrap,0.7,0.9839142178248491,0.28740157480314965,0.08654678654678655,0.13303271423843474,32,27399,314,134,"[19, 5, 4, 4, 6852, 6529, 7001, 7017, 95, 105, 66, 48, 108, 8, 9, 9]"
label_propagation,0.7,0.9959249877559824,0.07692307692307693,0.05964912280701754,0.06719367588932808,2,13667,32,24,"[1, 1, 6620, 7047, 14, 18, 12, 12]"
