method,threshold,ACC,recall,PPV,f12,TP,TN,FP,FN,ALL
leiden,0.8,0.7929980498295826,0.4044444444444445,0.08311670465423865,0.13789486508545648,41,1799,358,130,"[1, 1, 2, 2, 2, 1, 12, 11, 9, 66, 144, 141, 131, 150, 151, 345, 330, 341, 22, 31, 31, 26, 34, 38, 63, 60, 53, 1, 1, 0, 3, 3, 4, 38, 39, 41]"
eigenvector,0.8,0.8578875790992195,0.31333333333333335,0.14517790144417198,0.1984207685027144,39,1962,195,132,"[1, 0, 1, 2, 2, 2, 10, 10, 11, 75, 149, 154, 134, 156, 170, 386, 369, 369, 13, 26, 18, 23, 28, 19, 22, 21, 25, 1, 2, 1, 3, 3, 3, 40, 40, 39]"
louvain,0.8,0.8760764376632971,0.2844444444444445,0.10032135076252724,0.14832841816520315,20,1992,165,151,"[0, 1, 2, 1, 2, 1, 5, 4, 4, 75, 160, 162, 144, 171, 169, 379, 359, 373, 13, 15, 10, 13, 13, 20, 29, 31, 21, 2, 1, 0, 4, 3, 4, 45, 46, 46]"
greedy_modularity,0.8,0.8794317009578744,0.368888888888889,0.16187333079916202,0.2250095086810896,28,2016,141,143,"[2, 1, 2, 1, 0, 1, 5, 10, 6, 76, 162, 160, 136, 163, 167, 396, 376, 380, 12, 13, 12, 21, 21, 22, 12, 14, 14, 0, 1, 0, 4, 5, 4, 45, 40, 44]"
label_propagation,0.8,0.8346871938665485,0.41555555555555557,0.19167999837977348,0.2623485653940413,37,1908,249,134,"[1, 1, 2, 2, 3, 1, 6, 7, 14, 69, 155, 151, 136, 155, 153, 408, 339, 342, 19, 20, 21, 21, 29, 36, 0, 51, 52, 1, 1, 0, 3, 2, 4, 44, 43, 36]"
infomap,0.8,0.7545891358465284,0.5,0.07957006799155718,0.1372915414132745,48,1703,454,123,"[1, 1, 2, 3, 3, 3, 14, 10, 11, 66, 139, 129, 120, 140, 142, 330, 315, 322, 22, 36, 43, 37, 44, 47, 78, 75, 72, 1, 1, 0, 2, 2, 2, 36, 40, 39]"
surprise_communities,0.8,0.7574043400123252,0.24000000000000002,0.06235141265392731,0.09898640066266731,39,1728,429,132,"[0, 1, 0, 3, 1, 1, 12, 11, 10, 65, 140, 130, 119, 142, 148, 343, 323, 318, 23, 35, 42, 38, 42, 41, 65, 67, 76, 2, 1, 2, 2, 4, 4, 38, 39, 40]"
walktrap,0.8,0.763770473426598,0.31333333333333335,0.06652680390628495,0.10975126463885879,39,1729,428,132,"[0, 1, 1, 4, 1, 1, 13, 9, 9, 61, 141, 138, 130, 141, 152, 338, 312, 316, 27, 34, 34, 27, 43, 37, 70, 78, 78, 2, 1, 1, 1, 4, 4, 37, 41, 41]"
df_node_similarity,0.8,0.8765574813580466,0.4544444444444445,0.17805583250665952,0.25586228759813573,34,1997,160,137,"[1, 2, 1, 4, 1, 1, 6, 6, 12, 77, 163, 156, 142, 156, 166, 392, 367, 378, 11, 12, 16, 15, 28, 23, 16, 23, 16, 1, 0, 1, 1, 4, 4, 44, 44, 38]"
