method,threshold,ACC,recall,PPV,f12,TP,TN,FP,FN,ALL
leiden,0.85,0.8826246436526782,0.3933333333333333,0.10147347286992503,0.1613272041874122,37,4192,290,299,"[2, 2, 1, 2, 3, 3, 14, 6, 4, 153, 154, 109, 556, 469, 463, 769, 748, 771, 20, 27, 13, 45, 31, 35, 49, 34, 36, 0, 0, 1, 8, 7, 7, 86, 94, 96]"
eigenvector,0.85,0.9099604610782319,0.3299999999999999,0.1886846063961647,0.24009164468311375,29,4350,132,307,"[1, 1, 2, 1, 4, 3, 7, 7, 3, 157, 163, 106, 581, 483, 486, 811, 769, 794, 16, 18, 16, 20, 17, 12, 7, 13, 13, 1, 1, 0, 9, 6, 7, 93, 93, 97]"
louvain,0.85,0.8298304226009211,0.3644444444444444,0.08425502860083123,0.13686789904913627,55,3980,502,281,"[1, 1, 1, 6, 3, 5, 16, 11, 11, 140, 144, 97, 516, 439, 438, 738, 722, 746, 33, 37, 25, 85, 61, 60, 80, 60, 61, 1, 1, 1, 4, 7, 5, 84, 89, 89]"
greedy_modularity,0.85,0.8397651378532895,0.35555555555555557,0.12210882560280151,0.1817865138704866,52,4078,404,284,"[1, 1, 2, 2, 1, 5, 14, 15, 11, 132, 143, 99, 520, 446, 438, 766, 753, 781, 41, 38, 23, 81, 54, 60, 52, 29, 26, 1, 1, 0, 8, 9, 5, 86, 85, 89]"
label_propagation,0.85,0.8141260240135707,0.3177777777777778,0.0824606270601223,0.1309427306554485,62,3930,552,274,"[0, 1, 1, 4, 5, 5, 14, 14, 18, 131, 148, 89, 529, 428, 430, 750, 698, 727, 42, 33, 33, 72, 72, 68, 68, 84, 80, 2, 1, 1, 6, 5, 5, 86, 86, 82]"
infomap,0.85,0.6561432445444161,0.4211111111111111,0.05239025064653339,0.09318713077933444,106,3066,1416,230,"[0, 1, 2, 4, 5, 5, 36, 25, 28, 110, 120, 79, 419, 315, 338, 565, 595, 525, 63, 61, 43, 182, 185, 160, 253, 187, 282, 2, 1, 0, 6, 5, 5, 64, 75, 72]"
surprise_communities,0.85,0.8184112686030961,0.21666666666666667,0.05969066458617293,0.09359605021783728,43,3927,555,293,"[1, 0, 1, 1, 2, 3, 13, 12, 10, 145, 142, 95, 526, 425, 421, 741, 705, 727, 28, 39, 27, 75, 75, 77, 77, 77, 80, 1, 2, 1, 9, 8, 7, 87, 88, 90]"
walktrap,0.85,0.6940218086324066,0.37444444444444447,0.052976025431046764,0.09281997381726485,87,3285,1197,249,"[1, 1, 2, 1, 3, 2, 25, 25, 27, 110, 125, 85, 443, 356, 349, 607, 627, 583, 63, 56, 37, 158, 144, 149, 211, 155, 224, 1, 1, 0, 9, 7, 8, 75, 75, 73]"
df_node_similarity,0.85,0.8905849968882941,0.35777777777777775,0.14738301612187893,0.20876666846297814,37,4209,273,299,"[1, 1, 1, 0, 4, 5, 8, 9, 8, 161, 159, 110, 564, 469, 452, 782, 746, 766, 12, 22, 12, 37, 31, 46, 36, 36, 41, 1, 1, 1, 10, 6, 5, 92, 91, 92]"
