method,threshold,ACC,recall,PPV,f12,TP,TN,FP,FN,ALL
leiden,0.55,0.9588184045266362,0.34160830717218066,0.364578111946533,0.35271964535797334,72,32308,130,1278,"[12, 8, 12, 12, 8, 4, 4, 4, 8, 3396, 3709, 3389, 3393, 3746, 3689, 3646, 3646, 3694, 7, 12, 16, 12, 12, 20, 20, 20, 11, 392, 33, 392, 392, 33, 1, 1, 1, 33]"
eigenvector,0.55,0.9594103102098176,0.34243338968043147,0.3978835978835979,0.368081866039153,75,32325,113,1275,"[13, 8, 13, 13, 8, 4, 4, 4, 8, 3395, 3708, 3397, 3397, 3745, 3692, 3649, 3650, 3692, 8, 13, 8, 8, 13, 17, 17, 16, 13, 391, 33, 391, 391, 33, 1, 1, 1, 33]"
louvain,0.55,0.9592621195986051,0.34188333467493087,0.39397584871269087,0.36608574026133867,73,32322,116,1277,"[13, 8, 12, 12, 8, 4, 4, 4, 8, 3397, 3707, 3395, 3397, 3745, 3688, 3649, 3650, 3694, 6, 14, 10, 8, 13, 21, 17, 16, 11, 391, 33, 392, 392, 33, 1, 1, 1, 33]"
greedy_modularity,0.55,0.9594772875367757,0.2857334513939199,0.38880254830977223,0.32939352114076476,55,32347,91,1295,"[10, 6, 7, 7, 8, 4, 3, 3, 7, 3399, 3715, 3394, 3395, 3750, 3697, 3650, 3653, 3694, 4, 6, 11, 10, 8, 12, 16, 13, 11, 394, 35, 397, 397, 33, 1, 2, 2, 34]"
label_propagation,0.55,0.9526964020079866,0.3402331696584293,0.1655313072035994,0.2227093594117626,67,32105,333,1283,"[11, 8, 10, 10, 8, 4, 4, 4, 8, 3367, 3684, 3357, 3372, 3711, 3674, 3633, 3645, 3662, 36, 37, 48, 33, 47, 35, 33, 21, 43, 393, 33, 394, 394, 33, 1, 1, 1, 33]"
infomap,0.55,0.9618555949095309,0.32094770452655025,0.8931216931216931,0.4722058851422005,50,32432,6,1300,"[8, 6, 6, 6, 6, 4, 4, 4, 6, 3403, 3721, 3405, 3405, 3758, 3707, 3665, 3663, 3705, 0, 0, 0, 0, 0, 2, 1, 3, 0, 396, 35, 398, 398, 35, 1, 1, 1, 35]"
surprise_communities,0.55,0.9284148443611824,0.4096004722423462,0.10685995409485778,0.16949948313163196,151,31203,1235,1199,"[30, 13, 32, 34, 15, 4, 4, 4, 15, 3276, 3579, 3274, 3286, 3604, 3577, 3526, 3517, 3564, 127, 142, 131, 119, 154, 132, 140, 149, 141, 374, 28, 372, 370, 26, 1, 1, 1, 26]"
walktrap,0.55,0.9423348553847674,0.3685140465266039,0.11962216551205669,0.1806153576806624,99,31724,714,1251,"[18, 10, 18, 19, 11, 4, 4, 4, 11, 3334, 3637, 3319, 3338, 3665, 3639, 3591, 3582, 3619, 69, 84, 86, 67, 93, 70, 75, 84, 86, 386, 31, 386, 385, 30, 1, 1, 1, 30]"
df_node_similarity,0.55,0.9618853023134777,0.36784660173334405,0.891005291005291,0.5207177592746001,51,32432,6,1299,"[6, 6, 6, 7, 7, 4, 4, 4, 7, 3403, 3721, 3405, 3405, 3758, 3707, 3664, 3664, 3705, 0, 0, 0, 0, 0, 2, 2, 2, 0, 398, 35, 398, 397, 34, 1, 1, 1, 34]"
