method,threshold,ACC,recall,PPV,f12,TP,TN,FP,FN,ALL
leiden,0.55,0.9538469962083531,0.7022222222222223,0.48803321102422514,0.5758558312629337,95,7045,117,241,"[2, 2, 2, 9, 9, 9, 25, 21, 16, 711, 730, 717, 841, 815, 808, 824, 776, 823, 20, 22, 39, 5, 10, 13, 1, 4, 3, 0, 0, 0, 1, 1, 1, 75, 79, 84]"
eigenvector,0.55,0.9532434737933322,0.5866666666666666,0.44089104534756707,0.503438545422851,85,7048,114,251,"[2, 1, 2, 7, 7, 8, 22, 14, 22, 720, 720, 733, 838, 810, 809, 824, 778, 816, 11, 32, 23, 8, 15, 12, 1, 2, 10, 0, 1, 0, 3, 3, 2, 78, 86, 78]"
louvain,0.55,0.9537884975889581,0.6155555555555556,0.4313577248079425,0.5072524131991923,71,7064,98,265,"[2, 2, 2, 7, 7, 7, 16, 12, 16, 711, 738, 735, 839, 814, 809, 823, 775, 820, 20, 14, 21, 7, 11, 12, 2, 5, 6, 0, 0, 0, 3, 3, 3, 84, 88, 84]"
greedy_modularity,0.55,0.9539869980152835,0.4311111111111111,0.3538785288785289,0.3886954884785523,35,7096,66,301,"[2, 2, 1, 4, 4, 4, 6, 6, 6, 720, 742, 749, 835, 818, 814, 821, 776, 821, 11, 10, 7, 11, 7, 7, 4, 4, 5, 0, 0, 1, 6, 6, 6, 94, 94, 94]"
label_propagation,0.55,0.9622847857642564,0.5177777777777777,0.8333333333333334,0.6387061403508771,37,7155,7,299,"[2, 2, 2, 5, 5, 5, 5, 5, 6, 727, 751, 754, 846, 825, 821, 825, 780, 826, 4, 1, 2, 0, 0, 0, 0, 0, 0, 0, 0, 0, 5, 5, 5, 95, 95, 94]"
infomap,0.55,0.9622847857642564,0.5177777777777777,0.8333333333333334,0.6387061403508771,37,7155,7,299,"[2, 2, 2, 5, 5, 5, 5, 5, 6, 727, 751, 754, 846, 825, 821, 825, 780, 826, 4, 1, 2, 0, 0, 0, 0, 0, 0, 0, 0, 0, 5, 5, 5, 95, 95, 94]"
surprise_communities,0.55,0.7878818754615794,0.49444444444444435,0.0942865235803093,0.1583726703783786,163,5742,1420,173,"[2, 0, 1, 3, 7, 5, 47, 50, 48, 579, 588, 607, 672, 656, 650, 678, 643, 669, 152, 164, 149, 174, 169, 171, 147, 137, 157, 0, 2, 1, 7, 3, 5, 53, 50, 52]"
walktrap,0.55,0.7802748877471749,0.41888888888888887,0.0318742596293258,0.05924074869108217,42,5795,1367,294,"[2, 2, 1, 3, 4, 3, 9, 10, 8, 558, 578, 621, 668, 685, 709, 609, 682, 685, 173, 174, 135, 178, 140, 112, 216, 98, 141, 0, 0, 1, 7, 6, 7, 91, 90, 92]"
df_node_similarity,0.55,0.9417293112164171,0.5922222222222222,0.526206274662157,0.5572659319676033,41,6999,163,295,"[2, 2, 5, 3, 3, 2, 9, 8, 7, 708, 722, 838, 808, 798, 746, 801, 771, 807, 23, 30, 8, 17, 23, 10, 24, 9, 19, 0, 0, 5, 7, 7, 0, 91, 92, 93]"
