method,threshold,ACC,recall,PPV,f12,TP,TN,FP,FN,ALL
leiden,0.6,0.9496184334437616,0.47555555555555556,0.3788495455162122,0.42172970611700206,43,3483,67,128,"[1, 0, 2, 3, 4, 4, 11, 11, 7, 380, 341, 358, 393, 391, 421, 405, 397, 397, 8, 10, 10, 11, 10, 10, 1, 2, 5, 1, 2, 0, 2, 1, 1, 39, 39, 43]"
eigenvector,0.6,0.9233462000244105,0.6555555555555554,0.3125389272018099,0.42327816902943916,52,3380,170,119,"[2, 2, 2, 4, 3, 4, 12, 12, 11, 363, 329, 343, 376, 376, 401, 398, 392, 402, 25, 22, 25, 28, 25, 30, 8, 7, 0, 0, 0, 0, 1, 2, 1, 38, 38, 39]"
louvain,0.6,0.9473879525594996,0.5355555555555556,0.357130061296728,0.42851141493188827,40,3477,73,131,"[1, 2, 2, 3, 4, 2, 9, 10, 7, 378, 340, 357, 396, 390, 421, 399, 396, 400, 10, 11, 11, 8, 11, 10, 7, 3, 2, 1, 0, 0, 2, 1, 3, 41, 40, 43]"
greedy_modularity,0.6,0.9494848406763032,0.38222222222222224,0.34851290684624014,0.3645900475531015,28,3496,54,143,"[1, 1, 1, 2, 3, 3, 5, 6, 6, 380, 342, 360, 398, 393, 425, 403, 396, 399, 8, 9, 8, 6, 8, 6, 3, 3, 3, 1, 1, 1, 3, 2, 2, 45, 44, 44]"
label_propagation,0.6,0.7821269890989078,0.64,0.5168565452100069,0.5718741710958738,96,2741,809,75,"[2, 1, 2, 3, 3, 2, 11, 44, 28, 386, 351, 363, 404, 399, 431, 193, 100, 114, 2, 0, 5, 0, 2, 0, 213, 299, 288, 0, 1, 0, 2, 2, 3, 39, 6, 22]"
infomap,0.6,0.7815263884983072,0.64,0.5098018714886665,0.5675294254484305,96,2739,811,75,"[2, 1, 2, 3, 3, 2, 11, 44, 28, 386, 351, 361, 404, 399, 431, 193, 100, 114, 2, 0, 7, 0, 2, 0, 213, 299, 288, 0, 1, 0, 2, 2, 3, 39, 6, 22]"
surprise_communities,0.6,0.564890546643516,0.7888888888888889,0.06608976807407746,0.12196207069796289,118,1988,1562,53,"[2, 2, 1, 5, 4, 4, 28, 38, 34, 207, 193, 206, 224, 225, 231, 237, 241, 224, 181, 158, 162, 180, 176, 200, 169, 158, 178, 0, 0, 1, 0, 1, 1, 22, 12, 16]"
walktrap,0.6,0.7488916814989668,0.5511111111111111,0.058054232425172415,0.1050431803976511,56,2719,831,115,"[2, 2, 1, 2, 3, 3, 12, 22, 9, 309, 283, 280, 306, 321, 309, 314, 302, 295, 79, 68, 88, 98, 80, 122, 92, 97, 107, 0, 0, 1, 3, 2, 2, 38, 28, 41]"
df_node_similarity,0.6,0.9349235915679949,0.6477777777777778,0.4545279681910004,0.5342131586438347,21,3442,108,150,"[2, 2, 2, 2, 3, 2, 4, 2, 2, 375, 337, 367, 401, 400, 428, 337, 397, 400, 13, 14, 1, 3, 1, 3, 69, 2, 2, 0, 0, 0, 3, 2, 3, 46, 48, 48]"
